user_name,msg_content,msg_time
Killroy â™ž,,2020-09-16 22:53:19.834000
Kurama,https://i.imgur.com/zab16QJ.jpeg,2020-09-16 22:14:30.787000
Killroy â™ž,https://www.youtube.com/watch?v=bjnhx8Ip2Y8,2020-09-16 21:08:12.932000
kio,https://discord.gg/EVb2ju,2020-09-16 07:19:12.466000
drÃ©s,https://www.youtube.com/watch?v=WDUcf5zn7js,2020-09-16 04:58:22.246000
drÃ©s,https://youtu.be/H0FXTRRAwW8,2020-09-16 04:44:52.257000
Gangsta Boogie,https://www.reddit.com/r/pathofexile/comments/itloso/path_of_exile_heist_patch_notes/?utm_medium=android_app&utm_source=share,2020-09-16 04:28:13.456000
Killroy â™ž,https://www.youtube.com/watch?v=M2eiP12hQQY,2020-09-15 23:49:46.397000
Killroy â™ž,https://www.youtube.com/watch?v=HqpWgxIvsK0,2020-09-15 23:48:08.640000
Bilbray,https://youtu.be/DwQmNd0-oAQ,2020-09-15 23:27:03.974000
Bilbray,https://youtu.be/9RZR4iKDixE,2020-09-15 23:18:10.762000
Gangsta Boogie,https://www.reddit.com/r/ContagiousLaughter/comments/it3om3/the_boys_mimicking_each_other/?utm_medium=android_app&utm_source=share,2020-09-15 17:41:56.769000
drÃ©s,https://www.reddit.com/r/funny/comments/isuri5/paul_rudd_certified_young_person_tells_you_to/,2020-09-15 07:11:18.635000
Kurama,https://www.pathofexile.com/forum/view-thread/2935368,2020-09-15 02:18:19.019000
kio,,2020-09-15 00:54:31.118000
Gangsta Boogie,,2020-09-15 00:33:18.892000
Kurama,https://www.youtube.com/watch?v=CChM6QI5xdg,2020-09-14 23:54:47.947000
Killroy â™ž,https://www.youtube.com/watch?v=nFXTMe0cqIQ,2020-09-14 23:44:23.832000
Gangsta Boogie,https://www.youtube.com/watch?v=-N0x_Tt7WVc,2020-09-14 21:36:41.612000
Oyster Smiling,https://retrospec.com/collections/single-speed-fixie/products/harper-ss?variant=18362104676449,2020-09-14 21:04:28.632000
Gangsta Boogie,"those improv ones man, such a good show",2020-09-14 20:24:52.403000
Oyster Smiling,https://www.youtube.com/watch?v=Rm4mKh9O7J4,2020-09-14 20:12:51.086000
Oyster Smiling,https://www.youtube.com/watch?v=Ljj62qPhpCg,2020-09-14 20:03:08.269000
Gangsta Boogie,oWo,2020-09-14 19:57:21.369000
Oyster Smiling,"If you're a black guy and you love to fuck and fuck good, come on over to 2395",2020-09-14 19:56:11.712000
Gangsta Boogie,But u gotta fuck me,2020-09-14 19:55:44.902000
Gangsta Boogie,Lmao!!!,2020-09-14 19:55:32.997000
Oyster Smiling,You'll get a lease and a key,2020-09-14 19:55:32.162000
Oyster Smiling,"guys out of prison, homeless, if you're a thug",2020-09-14 19:55:24.614000
Gangsta Boogie,If you're a criminal or a thug come stay,2020-09-14 19:54:51.576000
Oyster Smiling,"I'm looking for hardcore guys who mean it, and want to do it",2020-09-14 19:54:31.909000
Gangsta Boogie,You wanna piss on me? Try it out,2020-09-14 19:54:19.310000
Oyster Smiling,It's like russian roulette of highly offensive and inappropriate moments that will probably have no context if someone just walks by,2020-09-14 19:49:56.165000
Oyster Smiling,Watching Your Mom's House at a good volume on speakers in your apartment is a real gamble,2020-09-14 19:49:25.734000
Oyster Smiling,Holy shit,2020-09-14 03:28:51.720000
Oyster Smiling,Thatâ€™s a lot of drums,2020-09-14 03:28:49.645000
kio,can you fill it?,2020-09-14 01:28:34.016000
kio,<@!517817728967639040> and any other drummers in here https://www.youtube.com/watch?reload=9&v=t8tnaZw-uTE,2020-09-14 01:28:22.871000
Oyster Smiling,For those of you who arenâ€™t hip to Your Moms House,2020-09-14 00:42:44.528000
Oyster Smiling,https://youtu.be/h1NwLw1FEgk,2020-09-14 00:42:25.376000
I Change My Name,https://www.vans.com/shop/mens-shoes/gum-authentic-black-rubber,2020-09-13 22:40:57.510000
I Change My Name,https://www.vans.com/shop/mens-shoes/suede-canvas-old-skool-v-black-classic-gum,2020-09-13 22:39:24.269000
Archuhi3,https://youtu.be/BgCUCg9aMyA,2020-09-13 21:51:36.269000
Gangsta Boogie,Yeab,2020-09-13 21:51:04.184000
Gangsta Boogie,https://www.youtube.com/watch?v=Wm4SJ3I1Zlw,2020-09-13 21:09:13.307000
Gangsta Boogie,https://www.youtube.com/watch?v=vdba3P7Rtws,2020-09-13 20:58:50.427000
Bilbray,https://youtu.be/I3xWoTkgbrs,2020-09-13 15:54:06.886000
Gangsta Boogie,https://www.youtube.com/watch?v=FetA-qdA1WY,2020-09-13 08:34:09.937000
Bambop,https://www.youtube.com/watch?v=jcqOGZ6IYF4,2020-09-13 06:37:45.172000
drÃ©s,https://youtu.be/Feskt35pQAE,2020-09-13 06:30:24.492000
drÃ©s,https://imgur.com/gallery/MOOQumt,2020-09-13 06:22:42.897000
kio,PITF,2020-09-13 05:59:47.619000
kio,ORZR,2020-09-13 04:16:51.395000
kio,<@!123617882612432900>,2020-09-13 04:11:03.980000
kio,XSLU,2020-09-13 04:07:39.683000
Bambop,,2020-09-13 03:41:10.462000
Gangsta Boogie,,2020-09-13 01:16:39.140000
Lung_Butter,https://www.youtube.com/watch?v=3NZGbD236fw,2020-09-13 00:23:15.587000
Kurama,https://www.youtube.com/watch?v=Ol9fCPC4GWQ,2020-09-12 23:56:15.290000
Oyster Smiling,Iâ€™ll be on in a little while,2020-09-12 23:55:27.371000
Gangsta Boogie,yo nude tayne im actually down,2020-09-12 22:57:07.880000
Gangsta Boogie,Nah,2020-09-12 21:14:01.592000
Oyster Smiling,Among Us tonight or WHAT,2020-09-12 21:05:29.445000
Oyster Smiling,Saw that when I woke up earlier joe that shit is funny,2020-09-12 21:05:21.073000
Gangsta Boogie,https://www.reddit.com/r/Unexpected/comments/irbfrn/happy_birthday_to_you/?utm_medium=android_app&utm_source=share,2020-09-12 18:07:27.173000
kio,FIFA 20 is 4.99 - 55 off rn on Origin launcher,2020-09-12 16:14:54.557000
kio,talk about messages that could be taken multiple ways,2020-09-12 16:11:59.261000
Gangsta Boogie,,2020-09-12 08:26:34.072000
Bambop,,2020-09-12 08:04:05.571000
kio,HTVX,2020-09-12 04:13:18.715000
Bambop,https://www.ebay.com/itm/Guitar-Hero-Gibson-Explorer-controller-for-Xbox-360-w-dongle/383716385617?hash=item5957476351:g:FPYAAOSwFcdfW92I,2020-09-12 03:52:45.654000
Killroy â™ž,https://www.youtube.com/watch?v=QLb2GOAVL8g,2020-09-12 01:43:54.775000
Bilbray,https://youtu.be/_hpFAY_JAFA,2020-09-11 22:25:15.017000
Kurama,https://www.youtube.com/watch?v=ADLynnhzs3k,2020-09-11 10:56:28.523000
Gangsta Boogie,https://www.reddit.com/r/Unexpected/comments/iq3v9r/this_entire_game/,2020-09-11 06:43:23.889000
Gangsta Boogie,<:kottonLUL:442070300730064896>,2020-09-11 04:05:03.387000
Gangsta Boogie,<:Cheers:738967893881913365>,2020-09-11 04:05:00.668000
Gangsta Boogie,<:JoeHappi:737901837168148521>,2020-09-11 04:04:58.708000
Gangsta Boogie,<:WhatTheFrik:738237496306958521>,2020-09-11 04:04:55.972000
Gangsta Boogie,<:ImGay:738225711273213972>,2020-09-11 04:04:52.640000
Gangsta Boogie,https://www.reddit.com/r/Unexpected/comments/iq9fxd/puss_play/?utm_medium=android_app&utm_source=share,2020-09-11 01:40:19.986000
Gangsta Boogie,O.o,2020-09-11 01:29:55.968000
Archuhi3,,2020-09-10 20:56:39.398000
Bilbray,Smiling oyster did u get ur gh controller yet?!?! :)))))),2020-09-10 20:44:30.662000
Oyster Smiling,Investigate 311,2020-09-10 20:11:32.628000
Kurama,https://www.youtube.com/watch?v=Y1HGgICqZ3c,2020-09-10 05:17:35.101000
Gangsta Boogie,https://www.youtube.com/watch?v=IX_AdIgQudw,2020-09-10 04:19:56.504000
Gangsta Boogie,Soo dank <@&594681950413783040>,2020-09-09 21:56:22.834000
I Change My Name,https://youtu.be/FVQvH4qc5cg,2020-09-09 19:15:03.258000
drÃ©s,https://youtu.be/n9xhJrPXop4,2020-09-09 18:57:24.640000
drÃ©s,,2020-09-09 05:48:31.817000
kio,<@!517817728967639040>,2020-09-09 05:12:12.913000
kio,https://www.youtube.com/watch?v=xu1fXOlj6b8,2020-09-09 04:50:41.534000
kio,up hee in colorado tho bro,2020-09-09 04:39:49.910000
kio,#1uplife,2020-09-09 04:38:06.364000
kio,went from 102 to 34,2020-09-09 04:37:56.781000
Catastrophe,Here in az it went from 116 Friday to 79 here Tuesday,2020-09-09 03:57:21.754000
Catastrophe,"Well damn that was fast, what state are you in again?",2020-09-09 03:55:43.161000
kio,Friday vs. Sunday vs. Monday vs. Tuesday,2020-09-09 03:25:27.825000
Gangsta Boogie,,2020-09-08 21:33:03.436000
Kurama,https://www.youtube.com/watch?v=P5ReKtjZVrU,2020-09-08 20:25:07.742000
Bilbray,Yea oh well I'll tryn buy some buufs later if someone has em ðŸ˜¦,2020-09-08 19:18:46.173000
Kurama,oh snap thats brutal,2020-09-08 19:11:08.733000
Bilbray,<@166732095195054089> also logged In this morning forgot about the flagged thing ran over to dmf got dispelled and almost killed but a  Ali roge totally saved me it was some bull shit but totally fuckin sick at the same time,2020-09-08 19:08:29.423000
Bilbray,Yoooooooooooo hell ya I was just looking online to was thinking I'd vemo u monz brehh I'd pitch gold for the dream haha,2020-09-08 19:06:25.279000
Gangsta Boogie,Bruhhhhhhh fuck yeahb,2020-09-08 18:33:03.478000
Oyster Smiling,My homie from Tennessee is sending me a GH 2 Explorer Xbox 360 controller for just the price of shipping,2020-09-08 18:19:42.308000
Oyster Smiling,Facebook came through hard af,2020-09-08 18:19:18.341000
Oyster Smiling,Well guys,2020-09-08 18:19:08.237000
Bilbray,https://youtu.be/hflJbW0TGdI <@517817728967639040>,2020-09-08 16:57:33.503000
Archuhi3,https://youtu.be/BrPNOV7Qn5w?t=360,2020-09-08 15:10:01.385000
Gangsta Boogie,Lmaooooo,2020-09-08 13:26:14.993000
Gangsta Boogie,"drÃ©sToday at 3:11 AM
!taLa miatana tyPE BEAT",2020-09-08 13:26:10.733000
Killroy â™ž,https://www.youtube.com/watch?v=DsOGQdU5p5k,2020-09-08 11:17:25.689000
Killroy â™ž,https://www.youtube.com/watch?v=sf8FAqOQUq4,2020-09-08 11:03:07.812000
Killroy â™ž,"drÃ©sToday at 3:11 AM
!taLa miatana tyPE BEAT",2020-09-08 10:12:12.363000
drÃ©s,The website for Funimation is straight up ASS like it won't autoplay at all. That's all you need to know if  I can't pass out wathcin some One Piece then whats the point? Fuck this shit,2020-09-08 08:51:06.799000
drÃ©s,https://old.reddit.com/r/FallGuysGame/comments/iohrqf/pink_guy_fits_far_too_well_in_fall_guys/,2020-09-08 05:52:55.071000
Bilbray,https://chorus.fightthe.pw/search?query=NECROPHAGIST,2020-09-08 05:08:13.028000
Bilbray,https://docs.google.com/spreadsheets/d/13B823ukxdVMocowo1s5XnT3tzciOfruhUVePENKc01o/htmlview#gid=0,2020-09-08 00:57:18.715000
Killroy â™ž,https://www.youtube.com/watch?v=pkdmu2M7qFo,2020-09-07 23:41:52.385000
Bilbray,<@!166732095195054089> aq 40 sign ups BREH,2020-09-07 21:26:39.401000
Oyster Smiling,"Itâ€™s a chilly, overcast day today. Perfect for some APEX CRACKERS",2020-09-07 18:45:54.952000
Gangsta Boogie,https://www.youtube.com/watch?v=zhnu4ZKuD_E,2020-09-07 05:38:42.155000
Gangsta Boogie,https://www.youtube.com/watch?v=rSTjEEn_MRc,2020-09-07 05:16:05.657000
Gangsta Boogie,https://www.youtube.com/watch?v=Ms7dpaA5iyw,2020-09-07 05:00:07.706000
Oyster Smiling,Fuck,2020-09-07 04:24:55.085000
Oyster Smiling,Landmark going off rn,2020-09-07 04:24:53.729000
Gangsta Boogie,Old gold,2020-09-06 20:14:42.140000
Gangsta Boogie,https://youtu.be/YqnS3LKsafY,2020-09-06 20:14:38.481000
Gangsta Boogie,https://youtu.be/GP21SD5KyoE,2020-09-06 12:37:50.478000
Kurama,https://www.youtube.com/watch?v=_BAfDjDZzBM,2020-09-06 08:35:02.688000
Rythm,,2020-09-06 07:35:15.851000
Rythm,<:youtube:335112740957978625> **Searching** ðŸ”Ž `fap`,2020-09-06 07:35:15.348000
kio,!play fap,2020-09-06 07:35:15.286000
Rythm,,2020-09-06 07:35:08.749000
Bilbray,https://www.ebay.com/itm/Yamaha-YZ450F-2017-1-12-Motorcycle-Model-Dirt-Bike-Toy-by-New-Ray-57983/133442601681?epid=9019156709&hash=item1f11cc82d1:g:uosAAOSwFrtbLXZb,2020-09-06 05:50:10.392000
Bambop,https://www.youtube.com/watch?v=gSwyMP8aBDM,2020-09-06 05:17:24.466000
I Change My Name,<@164580525992837120> Anton the shitter did a killer job on your mom's tattoo,2020-09-05 22:33:11.973000
Gangsta Boogie,https://youtu.be/KMJpk3Fy8ek,2020-09-05 20:23:23.831000
drÃ©s,that was weak,2020-09-05 11:26:35.386000
Gangsta Boogie,Face Gun ^,2020-09-05 11:03:45.628000
Gangsta Boogie,<:JoeHappi:737901837168148521>,2020-09-05 11:03:18.750000
Gangsta Boogie,<:JoeHappi:737901837168148521>,2020-09-05 11:03:17.350000
Gangsta Boogie,<:JoeHappi:737901837168148521>,2020-09-05 11:03:16.658000
Gangsta Boogie,<:JoeHappi:737901837168148521>,2020-09-05 11:03:15.889000
Gangsta Boogie,<:JoeHappi:737901837168148521>,2020-09-05 11:03:15.220000
Gangsta Boogie,<:JoeHappi:737901837168148521> <:JoeHappi:737901837168148521> <:JoeHappi:737901837168148521> <:JoeHappi:737901837168148521> <:JoeHappi:737901837168148521> <:JoeHappi:737901837168148521> <:JoeHappi:737901837168148521> <:JoeHappi:737901837168148521> <:JoeHappi:737901837168148521> <:JoeHappi:737901837168148521> <:JoeHappi:737901837168148521> <:JoeHappi:737901837168148521> <:JoeHappi:737901837168148521> <:JoeHappi:737901837168148521> <:JoeHappi:737901837168148521> <:JoeHappi:737901837168148521> <:JoeHappi:737901837168148521> <:JoeHappi:737901837168148521> <:JoeHappi:737901837168148521> <:JoeHappi:737901837168148521> <:JoeHappi:737901837168148521> <:JoeHappi:737901837168148521> <:JoeHappi:737901837168148521> <:JoeHappi:737901837168148521> <:JoeHappi:737901837168148521> <:JoeHappi:737901837168148521> <:JoeHappi:737901837168148521> <:JoeHappi:737901837168148521> <:JoeHappi:737901837168148521> <:JoeHappi:737901837168148521> <:JoeHappi:737901837168148521> <:JoeHappi:737901837168148521> <:JoeHappi:737901837168148521> <:JoeHappi:737901837168148521> <:JoeHappi:737901837168148521> <:JoeHappi:737901837168148521> <:JoeHappi:737901837168148521> <:JoeHappi:737901837168148521> <:JoeHappi:737901837168148521> <:JoeHappi:737901837168148521> <:JoeHappi:737901837168148521> <:JoeHappi:737901837168148521> <:JoeHappi:737901837168148521> <:JoeHappi:737901837168148521> <:JoeHappi:737901837168148521> <:JoeHappi:737901837168148521> <:JoeHappi:737901837168148521> <:JoeHappi:737901837168148521> <:JoeHappi:737901837168148521> <:JoeHappi:737901837168148521> <:JoeHappi:737901837168148521> <:JoeHappi:737901837168148521>,2020-09-05 11:03:13.227000
drÃ©s,https://youtu.be/zzSIb-EHFHU,2020-09-05 10:58:26.428000
Bilbray,https://youtu.be/ORqfYjLGNPw,2020-09-05 06:45:54.826000
Archuhi3,https://youtu.be/VvLl0p9ngD4,2020-09-05 06:45:28.291000
Oyster Smiling,Feels good,2020-09-05 06:40:17.797000
Oyster Smiling,Listening to some Number Twelve rn <@!243565010654068736>,2020-09-05 06:40:14.665000
Archuhi3,no danny y!,2020-09-05 05:58:24.796000
Oyster Smiling,I changed my output to my speakers and it works,2020-09-05 05:26:33.234000
Oyster Smiling,No,2020-09-05 05:26:23.158000
drÃ©s,its not your volume things on the headset right,2020-09-05 05:26:12.078000
drÃ©s,hmmm i dunno,2020-09-05 05:25:59.349000
Oyster Smiling,I just did,2020-09-05 05:25:25.762000
drÃ©s,restart comp maybe,2020-09-05 05:25:22.197000
Oyster Smiling,my sound settings on my pc and discrod are correct,2020-09-05 05:24:38.459000
Oyster Smiling,But am not getting sound from spotify or discord,2020-09-05 05:24:29.740000
Oyster Smiling,I can hear my headset sounds,2020-09-05 05:24:15.247000
Oyster Smiling,What the fuck,2020-09-05 05:24:08.293000
Kurama,rip 10mins,2020-09-05 05:07:19.607000
Catastrophe,Thanks bro Iâ€™m loving it,2020-09-05 03:25:36.462000
Bilbray,BIG GRATZ BOI,2020-09-05 01:27:24.410000
Catastrophe,Sold my life away boyz,2020-09-05 01:04:33.970000
Catastrophe,https://www.billluke.com/inventory/new-2020-dodge-challenger-rt-scat-pack-rwd-coupe-2c3cdzfj8lh179432,2020-09-05 01:04:04.427000
Killroy â™ž,https://www.youtube.com/watch?v=UijhbHvxWrA,2020-09-04 23:40:41.889000
Gangsta Boogie,https://www.youtube.com/watch?v=UKyMU2lcINk,2020-09-04 22:34:23.073000
Killroy â™ž,https://youtu.be/AHzw4QvE2Do?t=36,2020-09-04 22:31:47.669000
Gangsta Boogie,,2020-09-04 22:22:07.672000
Archuhi3,,2020-09-04 19:05:19.190000
Bilbray,<@166732095195054089> bwl/mc sign ups,2020-09-04 18:26:11.163000
Archuhi3,https://youtu.be/jdOBaK3-E20,2020-09-04 16:38:20.183000
Bilbray,https://youtu.be/zuOyK1QBYCY,2020-09-04 14:53:37.098000
drÃ©s,https://youtu.be/aRuUj1yl7Bk,2020-09-04 05:04:57.583000
Gangsta Boogie,https://www.reddit.com/r/aww/comments/im6twi/sarahs_telling_me_to_hurry_up_and_get_her_snack/?utm_medium=android_app&utm_source=share,2020-09-04 04:39:24.874000
drÃ©s,https://youtu.be/N2rpVHjH7u0,2020-09-04 04:23:35.176000
Kurama,https://www.youtube.com/watch?v=zwug8xpcC0s,2020-09-03 23:16:05.074000
drÃ©s,https://old.reddit.com/r/witcher/comments/ilr6vr/geralt_hawk_pro_skater_leaked_footage/?ref=share&ref_source=link,2020-09-03 21:50:56.164000
kio,,2020-09-03 19:33:46.286000
Gangsta Boogie,https://www.youtube.com/watch?v=ChCckO_F0Ss,2020-09-03 19:31:24.958000
kio,dwayne the ronk johnson,2020-09-03 19:26:03.254000
kio,https://www.youtube.com/watch?reload=9&v=97zsLVrinEA,2020-09-03 19:25:33.241000
kio,,2020-09-03 19:23:59.505000
kio,https://clips.twitch.tv/GracefulPeppyDiamondBibleThump,2020-09-03 19:17:10.221000
cockwatson,Me,2020-09-03 16:01:27.404000
I Change My Name,Who doesn't have a m.2 SSD?,2020-09-03 14:37:34.243000
Gangsta Boogie,https://www.reddit.com/r/WinStupidPrizes/comments/ilnj94/will_that_be_debit_or_credit/?utm_medium=android_app&utm_source=share,2020-09-03 09:55:52.436000
kio,,2020-09-03 07:42:11.722000
Gangsta Boogie,https://www.twitch.tv/veritas,2020-09-03 03:56:19.026000
Archuhi3,Joe look up earthship homes. Its like that tire house but mor ee professional,2020-09-02 23:48:48.828000
Archuhi3,4 u geo,2020-09-02 23:48:18.406000
Gangsta Boogie,,2020-09-02 22:48:38.020000
drÃ©s,https://www.reddit.com/r/dune/comments/ikgiu5/dune_teaser_trailer/?utm_medium=android_app&utm_source=share,2020-09-02 18:37:41.384000
kio,i think it gets longer each item,2020-09-02 07:22:54.118000
kio,the lighter! - ten second pause -,2020-09-02 07:22:47.249000
kio,https://www.youtube.com/watch?reload=9&v=PjeDm3WZ8Y0,2020-09-02 07:22:39.146000
